,Date,0
index,2004-11-01,0.0
index,2004-11-08,1.0
index,2004-11-15,2.0
index,2004-11-22,3.0
index,2004-11-29,4.0
index,2004-12-06,5.0
index,2004-12-13,6.0
index,2004-12-20,7.0
index,2004-12-27,8.0
index,2005-01-03,9.0
index,2005-01-10,10.0
index,2005-01-17,11.0
index,2005-01-24,12.0
index,2005-01-31,13.0
index,2005-02-07,14.0
index,2005-02-14,15.0
index,2005-02-21,16.0
index,2005-02-28,17.0
index,2005-03-07,18.0
index,2005-03-14,19.0
index,2005-03-21,20.0
index,2005-03-28,21.0
index,2005-04-04,22.0
index,2005-04-11,23.0
index,2005-04-18,24.0
index,2005-04-25,25.0
index,2005-05-02,26.0
index,2005-05-09,27.0
index,2005-05-16,28.0
index,2005-05-23,29.0
index,2005-05-30,30.0
index,2005-06-06,31.0
index,2005-06-13,32.0
index,2005-06-20,33.0
index,2005-06-27,34.0
index,2005-07-04,35.0
index,2005-07-11,36.0
index,2005-07-18,37.0
index,2005-07-25,38.0
index,2005-08-01,39.0
index,2005-08-08,40.0
index,2005-08-15,41.0
index,2005-08-22,42.0
index,2005-08-29,43.0
index,2005-09-05,44.0
index,2005-09-12,45.0
index,2005-09-19,46.0
index,2005-09-26,47.0
index,2005-10-03,48.0
index,2005-10-10,49.0
index,2005-10-17,50.0
index,2005-10-24,51.0
index,2005-10-31,52.0
index,2005-11-07,53.0
index,2005-11-14,54.0
index,2005-11-21,55.0
index,2005-11-28,56.0
index,2005-12-05,57.0
index,2005-12-12,58.0
index,2005-12-19,59.0
index,2005-12-26,60.0
index,2006-01-02,61.0
index,2006-01-09,62.0
index,2006-01-16,63.0
index,2006-01-23,64.0
index,2006-01-30,65.0
index,2006-02-06,66.0
index,2006-02-13,67.0
index,2006-02-20,68.0
index,2006-02-27,69.0
index,2006-03-06,70.0
index,2006-03-13,71.0
index,2006-03-20,72.0
index,2006-03-27,73.0
index,2006-04-03,74.0
index,2006-04-10,75.0
index,2006-04-17,76.0
index,2006-04-24,77.0
index,2006-05-01,78.0
index,2006-05-08,79.0
index,2006-05-15,80.0
index,2006-05-22,81.0
index,2006-05-29,82.0
index,2006-06-05,83.0
index,2006-06-12,84.0
index,2006-06-19,85.0
index,2006-06-26,86.0
index,2006-07-03,87.0
index,2006-07-10,88.0
index,2006-07-17,89.0
index,2006-07-24,90.0
index,2006-07-31,91.0
index,2006-08-07,92.0
index,2006-08-14,93.0
index,2006-08-21,94.0
index,2006-08-28,95.0
index,2006-09-04,96.0
index,2006-09-11,97.0
index,2006-09-18,98.0
index,2006-09-25,99.0
index,2006-10-02,100.0
index,2006-10-09,101.0
index,2006-10-16,102.0
index,2006-10-23,103.0
index,2006-10-30,104.0
index,2006-11-06,105.0
index,2006-11-13,106.0
index,2006-11-20,107.0
index,2006-11-27,108.0
index,2006-12-04,109.0
index,2006-12-11,110.0
index,2006-12-18,111.0
index,2006-12-25,112.0
index,2007-01-01,113.0
index,2007-01-08,114.0
index,2007-01-15,115.0
index,2007-01-22,116.0
index,2007-01-29,117.0
index,2007-02-05,118.0
index,2007-02-12,119.0
index,2007-02-19,120.0
index,2007-02-26,121.0
index,2007-03-05,122.0
index,2007-03-12,123.0
index,2007-03-19,124.0
index,2007-03-26,125.0
index,2007-04-02,126.0
index,2007-04-09,127.0
index,2007-04-16,128.0
index,2007-04-23,129.0
index,2007-04-30,130.0
index,2007-05-07,131.0
index,2007-05-14,132.0
index,2007-05-21,133.0
index,2007-05-28,134.0
index,2007-06-04,135.0
index,2007-06-11,136.0
index,2007-06-18,137.0
index,2007-06-25,138.0
index,2007-07-02,139.0
index,2007-07-09,140.0
index,2007-07-16,141.0
index,2007-07-23,142.0
index,2007-07-30,143.0
index,2007-08-06,144.0
index,2007-08-13,145.0
index,2007-08-20,146.0
index,2007-08-27,147.0
index,2007-09-03,148.0
index,2007-09-10,149.0
index,2007-09-17,150.0
index,2007-09-24,151.0
index,2007-10-01,152.0
index,2007-10-08,153.0
index,2007-10-15,154.0
index,2007-10-22,155.0
index,2007-10-29,156.0
index,2007-11-05,157.0
index,2007-11-12,158.0
index,2007-11-19,159.0
index,2007-11-26,160.0
index,2007-12-03,161.0
index,2007-12-10,162.0
index,2007-12-17,163.0
index,2007-12-24,164.0
index,2007-12-31,165.0
index,2008-01-07,166.0
index,2008-01-14,167.0
index,2008-01-21,168.0
index,2008-01-28,169.0
index,2008-02-04,170.0
index,2008-02-11,171.0
index,2008-02-18,172.0
index,2008-02-25,173.0
index,2008-03-03,174.0
index,2008-03-10,175.0
index,2008-03-17,176.0
index,2008-03-24,177.0
index,2008-03-31,178.0
index,2008-04-07,179.0
index,2008-04-14,180.0
index,2008-04-21,181.0
index,2008-04-28,182.0
index,2008-05-05,183.0
index,2008-05-12,184.0
index,2008-05-19,185.0
index,2008-05-26,186.0
index,2008-06-02,187.0
index,2008-06-09,188.0
index,2008-06-16,189.0
index,2008-06-23,190.0
index,2008-06-30,191.0
index,2008-07-07,192.0
index,2008-07-14,193.0
index,2008-07-21,194.0
index,2008-07-28,195.0
index,2008-08-04,196.0
index,2008-08-11,197.0
index,2008-08-18,198.0
index,2008-08-25,199.0
index,2008-09-01,200.0
index,2008-09-08,201.0
index,2008-09-15,202.0
index,2008-09-22,203.0
index,2008-09-29,204.0
index,2008-10-06,205.0
index,2008-10-13,206.0
index,2008-10-20,207.0
index,2008-10-27,208.0
index,2008-11-03,209.0
index,2008-11-10,210.0
index,2008-11-17,211.0
index,2008-11-24,212.0
index,2008-12-01,213.0
index,2008-12-08,214.0
index,2008-12-15,215.0
index,2008-12-22,216.0
index,2008-12-29,217.0
index,2009-01-05,218.0
index,2009-01-12,219.0
index,2009-01-19,220.0
index,2009-01-26,221.0
index,2009-02-02,222.0
index,2009-02-09,223.0
index,2009-02-16,224.0
index,2009-02-23,225.0
index,2009-03-02,226.0
index,2009-03-09,227.0
index,2009-03-16,228.0
index,2009-03-23,229.0
index,2009-03-30,230.0
index,2009-04-06,231.0
index,2009-04-13,232.0
index,2009-04-20,233.0
index,2009-04-27,234.0
index,2009-05-04,235.0
index,2009-05-11,236.0
index,2009-05-18,237.0
index,2009-05-25,238.0
index,2009-06-01,239.0
index,2009-06-08,240.0
index,2009-06-15,241.0
index,2009-06-22,242.0
index,2009-06-29,243.0
index,2009-07-06,244.0
index,2009-07-13,245.0
index,2009-07-20,246.0
index,2009-07-27,247.0
index,2009-08-03,248.0
index,2009-08-10,249.0
index,2009-08-17,250.0
index,2009-08-24,251.0
index,2009-08-31,252.0
index,2009-09-07,253.0
index,2009-09-14,254.0
index,2009-09-21,255.0
index,2009-09-28,256.0
index,2009-10-05,257.0
index,2009-10-12,258.0
index,2009-10-19,259.0
index,2009-10-26,260.0
index,2009-11-02,261.0
index,2009-11-09,262.0
index,2009-11-16,263.0
index,2009-11-23,264.0
index,2009-11-30,265.0
index,2009-12-07,266.0
index,2009-12-14,267.0
index,2009-12-21,268.0
index,2009-12-28,269.0
index,2010-01-04,270.0
index,2010-01-11,271.0
index,2010-01-18,272.0
index,2010-01-25,273.0
index,2010-02-01,274.0
index,2010-02-08,275.0
index,2010-02-15,276.0
index,2010-02-22,277.0
index,2010-03-01,278.0
index,2010-03-08,279.0
index,2010-03-15,280.0
index,2010-03-22,281.0
index,2010-03-29,282.0
index,2010-04-05,283.0
index,2010-04-12,284.0
index,2010-04-19,285.0
index,2010-04-26,286.0
index,2010-05-03,287.0
index,2010-05-10,288.0
index,2010-05-17,289.0
index,2010-05-24,290.0
index,2010-05-31,291.0
index,2010-06-07,292.0
index,2010-06-14,293.0
index,2010-06-21,294.0
index,2010-06-28,295.0
index,2010-07-05,296.0
index,2010-07-12,297.0
index,2010-07-19,298.0
index,2010-07-26,299.0
index,2010-08-02,300.0
index,2010-08-09,301.0
index,2010-08-16,302.0
index,2010-08-23,303.0
index,2010-08-30,304.0
index,2010-09-06,305.0
index,2010-09-13,306.0
index,2010-09-20,307.0
index,2010-09-27,308.0
index,2010-10-04,309.0
index,2010-10-11,310.0
index,2010-10-18,311.0
index,2010-10-25,312.0
index,2010-11-01,313.0
index,2010-11-08,314.0
index,2010-11-15,315.0
index,2010-11-22,316.0
index,2010-11-29,317.0
index,2010-12-06,318.0
index,2010-12-13,319.0
index,2010-12-20,320.0
index,2010-12-27,321.0
index,2011-01-03,322.0
index,2011-01-10,323.0
index,2011-01-17,324.0
index,2011-01-24,325.0
index,2011-01-31,326.0
index,2011-02-07,327.0
index,2011-02-14,328.0
index,2011-02-21,329.0
index,2011-02-28,330.0
index,2011-03-07,331.0
index,2011-03-14,332.0
index,2011-03-21,333.0
index,2011-03-28,334.0
index,2011-04-04,335.0
index,2011-04-11,336.0
index,2011-04-18,337.0
index,2011-04-25,338.0
index,2011-05-02,339.0
index,2011-05-09,340.0
index,2011-05-16,341.0
index,2011-05-23,342.0
index,2011-05-30,343.0
index,2011-06-06,344.0
index,2011-06-13,345.0
index,2011-06-20,346.0
index,2011-06-27,347.0
index,2011-07-04,348.0
index,2011-07-11,349.0
index,2011-07-18,350.0
index,2011-07-25,351.0
index,2011-08-01,352.0
index,2011-08-08,353.0
index,2011-08-15,354.0
index,2011-08-22,355.0
index,2011-08-29,356.0
index,2011-09-05,357.0
index,2011-09-12,358.0
index,2011-09-19,359.0
index,2011-09-26,360.0
index,2011-10-03,361.0
index,2011-10-10,362.0
index,2011-10-17,363.0
index,2011-10-24,364.0
index,2011-10-31,365.0
index,2011-11-07,366.0
index,2011-11-14,367.0
index,2011-11-21,368.0
index,2011-11-28,369.0
index,2011-12-05,370.0
index,2011-12-12,371.0
index,2011-12-19,372.0
index,2011-12-26,373.0
index,2012-01-02,374.0
index,2012-01-09,375.0
index,2012-01-16,376.0
index,2012-01-23,377.0
index,2012-01-30,378.0
index,2012-02-06,379.0
index,2012-02-13,380.0
index,2012-02-20,381.0
index,2012-02-27,382.0
index,2012-03-05,383.0
index,2012-03-12,384.0
index,2012-03-19,385.0
index,2012-03-26,386.0
index,2012-04-02,387.0
index,2012-04-09,388.0
index,2012-04-16,389.0
index,2012-04-23,390.0
index,2012-04-30,391.0
index,2012-05-07,392.0
index,2012-05-14,393.0
index,2012-05-21,394.0
index,2012-05-28,395.0
index,2012-06-04,396.0
index,2012-06-11,397.0
index,2012-06-18,398.0
index,2012-06-25,399.0
index,2012-07-02,400.0
index,2012-07-09,401.0
index,2012-07-16,402.0
index,2012-07-23,403.0
index,2012-07-30,404.0
index,2012-08-06,405.0
index,2012-08-13,406.0
index,2012-08-20,407.0
index,2012-08-27,408.0
index,2012-09-03,409.0
index,2012-09-10,410.0
index,2012-09-17,411.0
index,2012-09-24,412.0
index,2012-10-01,413.0
index,2012-10-08,414.0
index,2012-10-15,415.0
index,2012-10-22,416.0
index,2012-10-29,417.0
index,2012-11-05,418.0
index,2012-11-12,419.0
index,2012-11-19,420.0
index,2012-11-26,421.0
index,2012-12-03,422.0
index,2012-12-10,423.0
index,2012-12-17,424.0
index,2012-12-24,425.0
index,2012-12-31,426.0
index,2013-01-07,427.0
index,2013-01-14,428.0
index,2013-01-21,429.0
index,2013-01-28,430.0
index,2013-02-04,431.0
index,2013-02-11,432.0
index,2013-02-18,433.0
index,2013-02-25,434.0
index,2013-03-04,435.0
index,2013-03-11,436.0
index,2013-03-18,437.0
index,2013-03-25,438.0
index,2013-04-01,439.0
index,2013-04-08,440.0
index,2013-04-15,441.0
index,2013-04-22,442.0
index,2013-04-29,443.0
index,2013-05-06,444.0
index,2013-05-13,445.0
index,2013-05-20,446.0
index,2013-05-27,447.0
index,2013-06-03,448.0
index,2013-06-10,449.0
index,2013-06-17,450.0
index,2013-06-24,451.0
index,2013-07-01,452.0
index,2013-07-08,453.0
index,2013-07-15,454.0
index,2013-07-22,455.0
index,2013-07-29,456.0
index,2013-08-05,457.0
index,2013-08-12,458.0
index,2013-08-19,459.0
index,2013-08-26,460.0
index,2013-09-02,461.0
index,2013-09-09,462.0
index,2013-09-16,463.0
index,2013-09-23,464.0
index,2013-09-30,465.0
index,2013-10-07,466.0
index,2013-10-14,467.0
index,2013-10-21,468.0
index,2013-10-28,469.0
index,2013-11-04,470.0
index,2013-11-11,471.0
index,2013-11-18,472.0
index,2013-11-25,473.0
index,2013-12-02,474.0
index,2013-12-09,475.0
index,2013-12-16,476.0
index,2013-12-23,477.0
index,2013-12-30,478.0
index,2014-01-06,479.0
index,2014-01-13,480.0
index,2014-01-20,481.0
index,2014-01-27,482.0
index,2014-02-03,483.0
index,2014-02-10,484.0
index,2014-02-17,485.0
index,2014-02-24,486.0
index,2014-03-03,487.0
index,2014-03-10,488.0
index,2014-03-17,489.0
index,2014-03-24,490.0
index,2014-03-31,491.0
index,2014-04-07,492.0
index,2014-04-14,493.0
index,2014-04-21,494.0
index,2014-04-28,495.0
index,2014-05-05,496.0
index,2014-05-12,497.0
index,2014-05-19,498.0
index,2014-05-26,499.0
index,2014-06-02,500.0
index,2014-06-09,501.0
index,2014-06-16,502.0
index,2014-06-23,503.0
index,2014-06-30,504.0
index,2014-07-07,505.0
index,2014-07-14,506.0
index,2014-07-21,507.0
index,2014-07-28,508.0
index,2014-08-04,509.0
index,2014-08-11,510.0
index,2014-08-18,511.0
index,2014-08-25,512.0
index,2014-09-01,513.0
index,2014-09-08,514.0
index,2014-09-15,515.0
index,2014-09-22,516.0
index,2014-09-29,517.0
index,2014-10-06,518.0
index,2014-10-13,519.0
index,2014-10-20,520.0
index,2014-10-27,521.0
index,2014-11-03,522.0
index,2014-11-10,523.0
index,2014-11-17,524.0
index,2014-11-24,525.0
index,2014-12-01,526.0
index,2014-12-08,527.0
index,2014-12-15,528.0
index,2014-12-22,529.0
index,2014-12-29,530.0
index,2015-01-05,531.0
index,2015-01-12,532.0
index,2015-01-19,533.0
index,2015-01-26,534.0
index,2015-02-02,535.0
index,2015-02-09,536.0
index,2015-02-16,537.0
index,2015-02-23,538.0
index,2015-03-02,539.0
index,2015-03-09,540.0
index,2015-03-16,541.0
index,2015-03-23,542.0
index,2015-03-30,543.0
index,2015-04-06,544.0
index,2015-04-13,545.0
index,2015-04-20,546.0
index,2015-04-27,547.0
index,2015-05-04,548.0
index,2015-05-11,549.0
index,2015-05-18,550.0
index,2015-05-25,551.0
index,2015-06-01,552.0
index,2015-06-08,553.0
index,2015-06-15,554.0
index,2015-06-22,555.0
index,2015-06-29,556.0
index,2015-07-06,557.0
index,2015-07-13,558.0
index,2015-07-20,559.0
index,2015-07-27,560.0
index,2015-08-03,561.0
index,2015-08-10,562.0
index,2015-08-17,563.0
index,2015-08-24,564.0
index,2015-08-31,565.0
index,2015-09-07,566.0
index,2015-09-14,567.0
index,2015-09-21,568.0
index,2015-09-28,569.0
index,2015-10-05,570.0
index,2015-10-12,571.0
index,2015-10-19,572.0
index,2015-10-26,573.0
index,2015-11-02,574.0
index,2015-11-09,575.0
index,2015-11-16,576.0
index,2015-11-23,577.0
index,2015-11-30,578.0
index,2015-12-07,579.0
index,2015-12-14,580.0
index,2015-12-21,581.0
index,2015-12-28,582.0
index,2016-01-04,583.0
index,2016-01-11,584.0
index,2016-01-18,585.0
index,2016-01-25,586.0
index,2016-02-01,587.0
index,2016-02-08,588.0
index,2016-02-15,589.0
index,2016-02-22,590.0
index,2016-02-29,591.0
index,2016-03-07,592.0
index,2016-03-14,593.0
index,2016-03-21,594.0
index,2016-03-28,595.0
index,2016-04-04,596.0
index,2016-04-11,597.0
index,2016-04-18,598.0
index,2016-04-25,599.0
index,2016-05-02,600.0
index,2016-05-09,601.0
index,2016-05-16,602.0
index,2016-05-23,603.0
index,2016-05-30,604.0
index,2016-06-06,605.0
index,2016-06-13,606.0
index,2016-06-20,607.0
index,2016-06-27,608.0
index,2016-07-04,609.0
index,2016-07-11,610.0
index,2016-07-18,611.0
index,2016-07-25,612.0
index,2016-08-01,613.0
index,2016-08-08,614.0
index,2016-08-15,615.0
index,2016-08-22,616.0
index,2016-08-29,617.0
index,2016-09-05,618.0
index,2016-09-12,619.0
index,2016-09-19,620.0
index,2016-09-26,621.0
index,2016-10-03,622.0
index,2016-10-10,623.0
index,2016-10-17,624.0
index,2016-10-24,625.0
index,2016-10-31,626.0
index,2016-11-07,627.0
index,2016-11-14,628.0
index,2016-11-21,629.0
index,2016-11-28,630.0
index,2016-12-05,631.0
index,2016-12-12,632.0
index,2016-12-19,633.0
index,2016-12-26,634.0
index,2017-01-02,635.0
index,2017-01-09,636.0
index,2017-01-16,637.0
index,2017-01-23,638.0
index,2017-01-30,639.0
index,2017-02-06,640.0
index,2017-02-13,641.0
index,2017-02-20,642.0
index,2017-02-27,643.0
index,2017-03-06,644.0
index,2017-03-13,645.0
index,2017-03-20,646.0
index,2017-03-27,647.0
index,2017-04-03,648.0
index,2017-04-10,649.0
index,2017-04-17,650.0
index,2017-04-24,651.0
index,2017-05-01,652.0
index,2017-05-08,653.0
index,2017-05-15,654.0
index,2017-05-22,655.0
index,2017-05-29,656.0
index,2017-06-05,657.0
index,2017-06-12,658.0
index,2017-06-19,659.0
index,2017-06-26,660.0
index,2017-07-03,661.0
index,2017-07-10,662.0
index,2017-07-17,663.0
index,2017-07-24,664.0
index,2017-07-31,665.0
index,2017-08-07,666.0
index,2017-08-14,667.0
index,2017-08-21,668.0
index,2017-08-28,669.0
index,2017-09-04,670.0
index,2017-09-11,671.0
index,2017-09-18,672.0
index,2017-09-25,673.0
index,2017-10-02,674.0
index,2017-10-09,675.0
index,2017-10-16,676.0
index,2017-10-23,677.0
index,2017-10-30,678.0
index,2017-11-06,679.0
index,2017-11-13,680.0
index,2017-11-20,681.0
index,2017-11-27,682.0
index,2017-12-04,683.0
index,2017-12-11,684.0
index,2017-12-18,685.0
index,2017-12-25,686.0
index,2018-01-01,687.0
index,2018-01-08,688.0
index,2018-01-15,689.0
index,2018-01-22,690.0
index,2018-01-29,691.0
index,2018-02-05,692.0
index,2018-02-12,693.0
index,2018-02-19,694.0
index,2018-02-26,695.0
index,2018-03-05,696.0
index,2018-03-12,697.0
index,2018-03-19,698.0
index,2018-03-26,699.0
index,2018-04-02,700.0
index,2018-04-09,701.0
index,2018-04-16,702.0
index,2018-04-23,703.0
index,2018-04-30,704.0
index,2018-05-07,705.0
index,2018-05-14,706.0
index,2018-05-21,707.0
index,2018-05-28,708.0
index,2018-06-04,709.0
index,2018-06-11,710.0
index,2018-06-18,711.0
index,2018-06-25,712.0
index,2018-07-02,713.0
index,2018-07-09,714.0
index,2018-07-16,715.0
index,2018-07-23,716.0
index,2018-07-30,717.0
index,2018-08-06,718.0
index,2018-08-13,719.0
index,2018-08-20,720.0
index,2018-08-27,721.0
index,2018-09-03,722.0
index,2018-09-10,723.0
index,2018-09-17,724.0
index,2018-09-24,725.0
index,2018-10-01,726.0
index,2018-10-08,727.0
index,2018-10-15,728.0
index,2018-10-22,729.0
index,2018-10-29,730.0
index,2018-11-05,731.0
index,2018-11-12,732.0
index,2018-11-19,733.0
index,2018-11-26,734.0
index,2018-12-03,735.0
index,2018-12-10,736.0
index,2018-12-17,737.0
index,2018-12-24,738.0
index,2018-12-31,739.0
index,2019-01-07,740.0
index,2019-01-14,741.0
index,2019-01-21,742.0
index,2019-01-28,743.0
index,2019-02-04,744.0
index,2019-02-11,745.0
index,2019-02-18,746.0
index,2019-02-25,747.0
index,2019-03-04,748.0
index,2019-03-11,749.0
index,2019-03-18,750.0
index,2019-03-25,751.0
index,2019-04-01,752.0
index,2019-04-08,753.0
index,2019-04-15,754.0
index,2019-04-22,755.0
index,2019-04-29,756.0
index,2019-05-06,757.0
index,2019-05-13,758.0
index,2019-05-20,759.0
index,2019-05-27,760.0
index,2019-06-03,761.0
index,2019-06-10,762.0
index,2019-06-17,763.0
index,2019-06-24,764.0
index,2019-07-01,765.0
index,2019-07-08,766.0
index,2019-07-15,767.0
index,2019-07-22,768.0
index,2019-07-29,769.0
index,2019-08-05,770.0
index,2019-08-12,771.0
index,2019-08-19,772.0
index,2019-08-26,773.0
index,2019-09-02,774.0
index,2019-09-09,775.0
index,2019-09-16,776.0
index,2019-09-23,777.0
index,2019-09-30,778.0
index,2019-10-07,779.0
index,2019-10-14,780.0
index,2019-10-21,781.0
index,2019-10-28,782.0
index,2019-11-04,783.0
index,2019-11-11,784.0
index,2019-11-18,785.0
index,2019-11-25,786.0
index,2019-12-02,787.0
index,2019-12-09,788.0
index,2019-12-16,789.0
index,2019-12-23,790.0
index,2019-12-30,791.0
index,2020-01-06,792.0
index,2020-01-13,793.0
index,2020-01-20,794.0
index,2020-01-27,795.0
index,2020-02-03,796.0
index,2020-02-10,797.0
index,2020-02-17,798.0
index,2020-02-24,799.0
index,2020-03-02,800.0
index,2020-03-09,801.0
index,2020-03-16,802.0
index,2020-03-23,803.0
index,2020-03-30,804.0
index,2020-04-06,805.0
index,2020-04-13,806.0
index,2020-04-20,807.0
index,2020-04-27,808.0
index,2020-05-04,809.0
index,2020-05-11,810.0
index,2020-05-18,811.0
index,2020-05-25,812.0
index,2020-06-01,813.0
index,2020-06-08,814.0
index,2020-06-15,815.0
index,2020-06-22,816.0
index,2020-06-29,817.0
index,2020-07-06,818.0
index,2020-07-13,819.0
index,2020-07-20,820.0
index,2020-07-27,821.0
index,2020-08-03,822.0
index,2020-08-10,823.0
index,2020-08-17,824.0
index,2020-08-24,825.0
index,2020-08-31,826.0
index,2020-09-07,827.0
index,2020-09-14,828.0
index,2020-09-21,829.0
index,2020-09-28,830.0
index,2020-10-05,831.0
index,2020-10-12,832.0
index,2020-10-19,833.0
index,2020-10-26,834.0
index,2020-11-02,835.0
index,2020-11-09,836.0
index,2020-11-16,837.0
index,2020-11-23,838.0
index,2020-11-30,839.0
index,2020-12-07,840.0
index,2020-12-14,841.0
index,2020-12-21,842.0
index,2020-12-28,843.0
index,2021-01-04,844.0
index,2021-01-11,845.0
index,2021-01-18,846.0
index,2021-01-25,847.0
index,2021-02-01,848.0
index,2021-02-08,849.0
index,2021-02-15,850.0
index,2021-02-22,851.0
index,2021-03-01,852.0
index,2021-03-08,853.0
index,2021-03-15,854.0
index,2021-03-22,855.0
index,2021-03-29,856.0
index,2021-04-05,857.0
index,2021-04-12,858.0
index,2021-04-19,859.0
index,2021-04-26,860.0
index,2021-05-03,861.0
index,2021-05-10,862.0
index,2021-05-17,863.0
index,2021-05-24,864.0
index,2021-05-31,865.0
index,2021-06-07,866.0
index,2021-06-14,867.0
index,2021-06-21,868.0
index,2021-06-28,869.0
index,2021-07-05,870.0
index,2021-07-12,871.0
index,2021-07-19,872.0
index,2021-07-26,873.0
index,2021-08-02,874.0
index,2021-08-09,875.0
index,2021-08-16,876.0
index,2021-08-23,877.0
index,2021-08-30,878.0
index,2021-09-06,879.0
index,2021-09-13,880.0
index,2021-09-20,881.0
index,2021-09-27,882.0
index,2021-10-04,883.0
index,2021-10-11,884.0
index,2021-10-18,885.0
index,2021-10-25,886.0
index,2021-11-01,887.0
index,2021-11-08,888.0
index,2021-11-15,889.0
index,2021-11-22,890.0
index,2021-11-29,891.0
index,2021-12-06,892.0
index,2021-12-13,893.0
index,2021-12-20,894.0
index,2021-12-27,895.0
index,2022-01-03,896.0
index,2022-01-10,897.0
index,2022-01-17,898.0
index,2022-01-24,899.0
index,2022-01-31,900.0
index,2022-02-07,901.0
index,2022-02-14,902.0
index,2022-02-21,903.0
index,2022-02-28,904.0
index,2022-03-07,905.0
index,2022-03-14,906.0
index,2022-03-21,907.0
index,2022-03-28,908.0
index,2022-04-04,909.0
index,2022-04-11,910.0
index,2022-04-18,911.0
index,2022-04-25,912.0
index,2022-05-02,913.0
index,2022-05-09,914.0
index,2022-05-16,915.0
index,2022-05-23,916.0
index,2022-05-30,917.0
index,2022-06-06,918.0
index,2022-06-13,919.0
index,2022-06-20,920.0
index,2022-06-27,921.0
index,2022-07-04,922.0
index,2022-07-11,923.0
index,2022-07-18,924.0
index,2022-07-25,925.0
index,2022-08-01,926.0
index,2022-08-08,927.0
index,2022-08-15,928.0
index,2022-08-22,929.0
index,2022-08-29,930.0
index,2022-09-05,931.0
index,2022-09-12,932.0
index,2022-09-19,933.0
index,2022-09-26,934.0
index,2022-10-03,935.0
index,2022-10-10,936.0
index,2022-10-17,937.0
index,2022-10-24,938.0
index,2022-10-31,939.0
index,2022-11-07,940.0
index,2022-11-14,941.0
index,2022-11-21,942.0
index,2022-11-28,943.0
index,2022-12-05,944.0
index,2022-12-12,945.0
index,2022-12-19,946.0
index,2022-12-26,947.0
index,2023-01-02,948.0
index,2023-01-09,949.0
index,2023-01-16,950.0
index,2023-01-23,951.0
index,2023-01-30,952.0
index,2023-02-06,953.0
index,2023-02-13,954.0
index,2023-02-20,955.0
index,2023-02-27,956.0
index,2023-03-06,957.0
index,2023-03-13,958.0
index,2023-03-20,959.0
index,2023-03-27,960.0
index,2023-04-03,961.0
index,2023-04-10,962.0
index,2023-04-17,963.0
index,2023-04-24,964.0
index,2023-05-01,965.0
index,2023-05-08,966.0
index,2023-05-15,967.0
index,2023-05-22,968.0
index,2023-05-29,969.0
index,2023-06-05,970.0
index,2023-06-12,971.0
index,2023-06-19,972.0
index,2023-06-26,973.0
index,2023-07-03,974.0
index,2023-07-10,975.0
index,2023-07-17,976.0
index,2023-07-24,977.0
index,2023-07-31,978.0
index,2023-08-07,979.0
index,2023-08-14,980.0
index,2023-08-21,981.0
index,2023-08-28,982.0
index,2023-09-04,983.0
index,2023-09-11,984.0
index,2023-09-18,985.0
index,2023-09-25,986.0
index,2023-10-02,987.0
index,2023-10-09,988.0
index,2023-10-16,989.0
index,2023-10-23,990.0
index,2023-10-30,991.0
index,2023-11-06,992.0
index,2023-11-13,993.0
index,2023-11-20,994.0
index,2023-11-27,995.0
index,2023-12-04,996.0
index,2023-12-11,997.0
index,2023-12-18,998.0
index,2023-12-25,999.0
index,2024-01-01,1000.0
index,2024-01-08,1001.0
index,2024-01-15,1002.0
index,2024-01-22,1003.0
index,2024-01-29,1004.0
index,2024-02-05,1005.0
index,2024-02-12,1006.0
index,2024-02-19,1007.0
index,2024-02-26,1008.0
index,2024-03-04,1009.0
index,2024-03-11,1010.0
index,2024-03-18,1011.0
index,2024-03-25,1012.0
index,2024-04-01,1013.0
index,2024-04-08,1014.0
index,2024-04-15,1015.0
index,2024-04-22,1016.0
index,2024-04-29,1017.0
index,2024-05-06,1018.0
index,2024-05-13,1019.0
index,2024-05-20,1020.0
index,2024-05-27,1021.0
index,2024-06-03,1022.0
index,2024-06-10,1023.0
index,2024-06-17,1024.0
index,2024-06-24,1025.0
index,2024-07-01,1026.0
index,2024-07-08,1027.0
index,2024-07-15,1028.0
index,2024-07-22,1029.0
index,2024-07-29,1030.0
index,2024-08-05,1031.0
index,2024-08-12,1032.0
index,2024-08-19,1033.0
index,2024-08-26,1034.0
index,2024-09-02,1035.0
index,2024-09-09,1036.0
index,2024-09-16,1037.0
index,2024-09-23,1038.0
index,2024-09-30,1039.0
index,2024-10-07,1040.0
index,2024-10-14,1041.0
index,2024-10-21,1042.0
index,2024-10-28,1043.0
Log Return,2004-11-01,
Log Return,2004-11-08,0.009868095667393106
Log Return,2004-11-15,0.020120480004823804
Log Return,2004-11-22,0.0055797490330879995
Log Return,2004-11-29,0.01480202060727187
Log Return,2004-12-06,-0.0496787307767228
Log Return,2004-12-13,0.01759043004658878
Log Return,2004-12-20,0.0006790895404575892
Log Return,2004-12-27,-0.010006892527041344
Log Return,2005-01-03,-0.04344449241501991
Log Return,2005-01-10,0.00903052306880614
Log Return,2005-01-17,0.009418482350493917
Log Return,2005-01-24,-0.0021114950110323605
Log Return,2005-01-31,-0.028103749965602276
Log Return,2005-02-07,0.015578505587688696
Log Return,2005-02-14,0.015573712725018396
Log Return,2005-02-21,0.018097913431274648
Log Return,2005-02-28,-0.0016108200112601168
Log Return,2005-03-07,0.027262023798153123
Log Return,2005-03-14,-0.01558478616191561
Log Return,2005-03-21,-0.03379945713233301
Log Return,2005-03-28,0.0028214965363622113
Log Return,2005-04-04,0.002345216868318012
Log Return,2005-04-11,-0.004695946710447707
Log Return,2005-04-18,0.021881678677231342
Log Return,2005-04-25,0.0016105196552800294
Log Return,2005-05-02,-0.02067195625867857
Log Return,2005-05-09,-0.013943257368579154
Log Return,2005-05-16,-0.006685837441027687
Log Return,2005-05-23,0.005733398287926406
Log Return,2005-05-30,0.009247308134741061
Log Return,2005-06-06,0.00869464216141047
Log Return,2005-06-13,0.02518325096942764
Log Return,2005-06-20,0.005006865802330118
Log Return,2005-06-27,-0.029254677262364304
Log Return,2005-07-04,-0.011520038067954097
Log Return,2005-07-11,-0.005215710433440712
Log Return,2005-07-18,0.00946304644946494
Log Return,2005-07-25,0.012169543242770864
Log Return,2005-08-01,0.016838174918603954
Log Return,2005-08-08,0.01970391372203384
Log Return,2005-08-15,-0.01970391372203384
Log Return,2005-08-22,0.00045731006527027773
Log Return,2005-08-29,0.015426844652676408
Log Return,2005-09-05,0.010747948800992724
Log Return,2005-09-12,0.023116054053486934
Log Return,2005-09-19,0.008667443210168102
Log Return,2005-09-26,0.011796383440369596
Log Return,2005-10-03,0.012080282826246957
Log Return,2005-10-10,-0.011653908476515262
Log Return,2005-10-17,-0.00469988512711339
Log Return,2005-10-24,0.012766130823035127
Log Return,2005-10-31,-0.035944927310781694
Log Return,2005-11-07,0.025958628941653572
Log Return,2005-11-14,0.03627616219150287
Log Return,2005-11-21,0.013296707960623877
Log Return,2005-11-28,0.022504429253396907
Log Return,2005-12-05,0.046014159013034295
Log Return,2005-12-12,-0.045815477964731066
Log Return,2005-12-19,-0.0007949004768921242
Log Return,2005-12-26,0.027646062089009327
Log Return,2006-01-02,0.04277722005402751
Log Return,2006-01-09,0.02993463804845309
Log Return,2006-01-16,-0.004686338142537494
Log Return,2006-01-23,0.009350926165402562
Log Return,2006-01-30,0.015451887088612004
Log Return,2006-02-06,-0.030782694725697723
Log Return,2006-02-13,0.0029037689839750414
Log Return,2006-02-20,0.012605965876741898
Log Return,2006-02-27,0.012802472665457643
Log Return,2006-03-06,-0.04721009575934154
Log Return,2006-03-13,0.025961149368709968
Log Return,2006-03-20,0.01059165191664313
Log Return,2006-03-27,0.038189941350415424
Log Return,2006-04-03,0.011280305139959701
Log Return,2006-04-10,0.013672211318400684
Log Return,2006-04-17,0.05812657755235939
Log Return,2006-04-24,0.03053192858494569
Log Return,2006-05-01,0.045585140202894614
Log Return,2006-05-08,0.04036451093985338
Log Return,2006-05-15,-0.07846008703265284
Log Return,2006-05-22,-0.008871253698868209
Log Return,2006-05-29,-0.023943967456993676
Log Return,2006-06-05,-0.04390829531549301
Log Return,2006-06-12,-0.05092992664163809
Log Return,2006-06-19,0.011696018889334248
Log Return,2006-06-26,0.0479103765892539
Log Return,2006-07-03,0.030974133011973493
Log Return,2006-07-10,0.05203573208594303
Log Return,2006-07-17,-0.0731160601091112
Log Return,2006-07-24,0.02423590028275502
Log Return,2006-07-31,0.014388756681827708
Log Return,2006-08-07,-0.016438726343159793
Log Return,2006-08-14,-0.034364371789912695
Log Return,2006-08-21,0.016044464767897892
Log Return,2006-08-28,0.003851135002133077
Log Return,2006-09-04,-0.02398826341819138
Log Return,2006-09-11,-0.056001057841643664
Log Return,2006-09-18,0.02230320524400664
Log Return,2006-09-25,0.015488442907844124
Log Return,2006-10-02,-0.04475546429893207
Log Return,2006-10-09,0.028248456348220152
Log Return,2006-10-16,0.007107852315109575
Log Return,2006-10-23,0.008730767604392398
Log Return,2006-10-30,0.046861910621913694
Log Return,2006-11-06,0.002389868008583207
Log Return,2006-11-13,-0.011041034281848994
Log Return,2006-11-20,0.011518303854554546
Log Return,2006-11-27,0.02513089644569
Log Return,2006-12-04,-0.0292750474936172
Log Return,2006-12-11,-0.017887795950875862
Log Return,2006-12-18,0.00664450328390398
Log Return,2006-12-25,0.025673158060122603
Log Return,2007-01-01,-0.048876733677182926
Log Return,2007-01-08,0.03348813443360488
Log Return,2007-01-15,0.01586076072254272
Log Return,2007-01-22,0.014062731749732826
Log Return,2007-01-29,0.0026342499016411836
Log Return,2007-02-05,0.03243031799352192
Log Return,2007-02-12,0.0019456532439470209
Log Return,2007-02-19,0.021156182479351138
Log Return,2007-02-26,-0.06283204194201186
Log Return,2007-03-05,0.013163178833991651
Log Return,2007-03-12,0.003991983859082282
Log Return,2007-03-19,0.006262965036605728
Log Return,2007-03-26,0.009547678400491755
Log Return,2007-04-02,0.0167518307200476
Log Return,2007-04-09,0.016475824154764673
Log Return,2007-04-16,0.009583310556994462
Log Return,2007-04-23,-0.019406733922055608
Log Return,2007-04-30,0.012446166737865028
Log Return,2007-05-07,-0.02445259080764739
Log Return,2007-05-14,-0.014418957774145369
Log Return,2007-05-21,-0.00896598138154392
Log Return,2007-05-28,0.02427931486973023
Log Return,2007-06-04,-0.03904196305317509
Log Return,2007-06-11,0.01384637506325781
Log Return,2007-06-18,-0.001529052285678567
Log Return,2007-06-25,-0.008297565300815712
Log Return,2007-07-02,0.0070726565800720564
Log Return,2007-07-09,0.019871682463009854
Log Return,2007-07-16,0.02682243699579967
Log Return,2007-07-23,-0.03557190878187111
Log Return,2007-07-30,0.018762276455523086
Log Return,2007-08-06,-0.003276756323377761
Log Return,2007-08-13,-0.0201935180886208
Log Return,2007-08-20,0.016756336472649735
Log Return,2007-08-27,0.007457156108082508
Log Return,2007-09-03,0.040477192558745045
Log Return,2007-09-10,0.01247887438650963
Log Return,2007-09-17,0.03025914250520234
Log Return,2007-09-24,0.015466273949559906
Log Return,2007-10-01,-0.002021427849130397
Log Return,2007-10-08,0.009933000345327514
Log Return,2007-10-15,0.02022940362557879
Log Return,2007-10-22,0.025713703172513647
Log Return,2007-10-29,0.027429987594954852
Log Return,2007-11-05,0.03272174192060984
Log Return,2007-11-12,-0.05785816613631933
Log Return,2007-11-19,0.047595474191192366
Log Return,2007-11-26,-0.05206005198203556
Log Return,2007-12-03,0.015476665536232836
Log Return,2007-12-10,-0.001385698543373337
Log Return,2007-12-17,0.022806132949965807
Log Return,2007-12-24,0.0339179809980088
Log Return,2007-12-31,0.027604972070858658
Log Return,2008-01-07,0.037521455706246876
Log Return,2008-01-14,-0.01722141509593289
Log Return,2008-01-21,0.03316332761821972
Log Return,2008-01-28,-0.0019788790328512107
Log Return,2008-02-04,0.010618032013746337
Log Return,2008-02-11,-0.017132020726479347
Log Return,2008-02-18,0.04536639827460487
Log Return,2008-02-25,0.02859122501557465
Log Return,2008-03-03,0.00010290245518707053
Log Return,2008-03-10,0.026392112097107123
Log Return,2008-03-17,-0.08201490292409375
Log Return,2008-03-24,0.011890746835335086
Log Return,2008-03-31,-0.023484418998314993
Log Return,2008-04-07,0.015933956869272237
Log Return,2008-04-14,-0.012419773387183142
Log Return,2008-04-21,-0.027788827864358545
Log Return,2008-04-28,-0.035683286564538896
Log Return,2008-05-05,0.0326353503691692
Log Return,2008-05-12,0.016260520871780315
Log Return,2008-05-19,0.029159115031374583
Log Return,2008-05-26,-0.04225901941920451
Log Return,2008-06-02,0.009087442989170746
Log Return,2008-06-09,-0.028432607303726876
Log Return,2008-06-16,0.03500018624932544
Log Return,2008-06-23,0.030593449409007434
Log Return,2008-06-30,0.0026865848546453464
Log Return,2008-07-07,0.029294129165542415
Log Return,2008-07-14,-0.00229550624696806
Log Return,2008-07-21,-0.032594862566244664
Log Return,2008-07-28,-0.01917685245706302
Log Return,2008-08-04,-0.057974136325325
Log Return,2008-08-11,-0.08741416542294722
Log Return,2008-08-18,0.05133149110506885
Log Return,2008-08-25,0.0022936732032015072
Log Return,2008-09-01,-0.03897476869925498
Log Return,2008-09-08,-0.04789411185937631
Log Return,2008-09-15,0.1239167158570007
Log Return,2008-09-22,0.02558217952381625
Log Return,2008-09-29,-0.06311242150861407
Log Return,2008-10-06,0.03146967428286551
Log Return,2008-10-13,-0.08575815722645963
Log Return,2008-10-20,-0.07400020378027428
Log Return,2008-10-27,-0.01701401869635788
Log Return,2008-11-03,0.02262168798370645
Log Return,2008-11-10,0.012469681742782512
Log Return,2008-11-17,0.06429433323883504
Log Return,2008-11-24,0.03047689033149048
Log Return,2008-12-01,-0.08391978685412038
Log Return,2008-12-08,0.08722235501586617
Log Return,2008-12-15,0.021144990654553553
Log Return,2008-12-22,0.03984590740698657
Log Return,2008-12-29,0.009604422468964202
Log Return,2009-01-05,-0.02827492075124205
Log Return,2009-01-12,-0.01771420932416312
Log Return,2009-01-19,0.06459064746105803
Log Return,2009-01-26,0.03511828063658218
Log Return,2009-02-02,-0.014555941649815551
Log Return,2009-02-09,0.02975316510490078
Log Return,2009-02-16,0.062079300641211255
Log Return,2009-02-23,-0.062079300641211255
Log Return,2009-03-02,0.0006370520429017645
Log Return,2009-03-09,-0.013141904012288208
Log Return,2009-03-16,0.02757917724470449
Log Return,2009-03-23,-0.034919438869673414
Log Return,2009-03-30,-0.030135377038259747
Log Return,2009-04-06,-0.015075055956718764
Log Return,2009-04-13,-0.016918541960351696
Log Return,2009-04-20,0.051892552631301214
Log Return,2009-04-27,-0.028871648626087598
Log Return,2009-05-04,0.029746975627408467
Log Return,2009-05-11,0.017883747168600195
Log Return,2009-05-18,0.02921767613695536
Log Return,2009-05-25,0.02095775661139143
Log Return,2009-06-01,-0.017624754685474642
Log Return,2009-06-08,-0.02271633779675497
Log Return,2009-06-15,-0.004798217999389287
Log Return,2009-06-22,0.005436283338974057
Log Return,2009-06-29,-0.010687287646812926
Log Return,2009-07-06,-0.020077726648064953
Log Return,2009-07-13,0.027037441999073764
Log Return,2009-07-20,0.016508285570703052
Log Return,2009-07-27,0.000944164155177063
Log Return,2009-08-03,0.0037676398162647118
Log Return,2009-08-10,-0.010817716014708267
Log Return,2009-08-17,0.00652566484487771
Log Return,2009-08-24,0.003978633421998445
Log Return,2009-08-31,0.03883886268157166
Log Return,2009-09-07,0.010001083215403384
Log Return,2009-09-14,0.0042698915127239445
Log Return,2009-09-21,-0.019006273607486968
Log Return,2009-09-28,0.013043226791583429
Log Return,2009-10-05,0.043497871527984344
Log Return,2009-10-12,0.0027637876479991164
Log Return,2009-10-19,0.004652740278297429
Log Return,2009-10-26,-0.015177139480774926
Log Return,2009-11-02,0.051913497967546185
Log Return,2009-11-09,0.018994782799427234
Log Return,2009-11-16,0.02678617502301872
Log Return,2009-11-23,0.02396040423567314
Log Return,2009-11-30,-0.004609399833144678
Log Return,2009-12-07,-0.04318477394556375
Log Return,2009-12-14,-0.007712328876948504
Log Return,2009-12-21,-0.006050019057357581
Log Return,2009-12-28,-0.008093550942420258
Log Return,2010-01-04,0.03851107387911146
Log Return,2010-01-11,-0.007141921506946147
Log Return,2010-01-18,-0.03686266579239561
Log Return,2010-01-25,-0.005708468969265468
Log Return,2010-02-01,-0.028851804110029633
Log Return,2010-02-08,0.034835711493713895
Log Return,2010-02-15,0.028769894628155157
Log Return,2010-02-22,-0.0026790513158738705
Log Return,2010-03-01,0.014646748265695564
Log Return,2010-03-08,-0.02978357972025414
Log Return,2010-03-15,0.0053420601927598454
Log Return,2010-03-22,-0.0028939008055770543
Log Return,2010-03-29,0.018750852247985783
Log Return,2010-04-05,0.03149591172872768
Log Return,2010-04-12,-0.02159039771117488
Log Return,2010-04-19,0.014676533709406137
Log Return,2010-04-26,0.023145213339047288
Log Return,2010-05-03,0.025021199647214054
Log Return,2010-05-10,0.014277771255087224
Log Return,2010-05-17,-0.04303445750328816
Log Return,2010-05-24,0.03057317689401362
Log Return,2010-05-31,0.0032943533013050086
Log Return,2010-06-07,0.010388276619245573
Log Return,2010-06-14,0.022767506927473313
Log Return,2010-06-21,-0.0011141285225271247
Log Return,2010-06-28,-0.03930355097940996
Log Return,2010-07-05,0.0018203986589995225
Log Return,2010-07-12,-0.01801848531909478
Log Return,2010-07-19,-0.0002525982538941207
Log Return,2010-07-26,-0.005064584343965173
Log Return,2010-08-02,0.01819686574909074
Log Return,2010-08-09,0.009510884882407034
Log Return,2010-08-16,0.010073322868524137
Log Return,2010-08-23,0.0071452471928825645
Log Return,2010-08-30,0.010622948303771196
Log Return,2010-09-06,-0.0037694645137600347
Log Return,2010-09-13,0.024682794188978008
Log Return,2010-09-20,0.01586596091559489
Log Return,2010-09-27,0.01539020137774827
Log Return,2010-10-04,0.021126204920852487
Log Return,2010-10-11,0.019814315345602296
Log Return,2010-10-18,-0.03465377444927675
Log Return,2010-10-25,0.024390506990301652
Log Return,2010-11-01,0.029191785933579517
Log Return,2010-11-08,-0.023094394166327525
Log Return,2010-11-15,-0.009714584318258446
Log Return,2010-11-22,0.007441624067990205
Log Return,2010-11-29,0.031147493515277347
Log Return,2010-12-06,-0.015127345163229222
Log Return,2010-12-13,-0.004126158224243781
Log Return,2010-12-20,0.0010150254090142141
Log Return,2010-12-27,0.02934770326687186
Log Return,2011-01-03,-0.03771595293738805
Log Return,2011-01-10,-0.005936457401455542
Log Return,2011-01-17,-0.014363187797600041
Log Return,2011-01-24,-0.00022377509403703755
Log Return,2011-01-31,0.0056527466669722415
Log Return,2011-02-07,0.008566609713136053
Log Return,2011-02-14,0.020596723164037378
Log Return,2011-02-21,0.01465934987264017
Log Return,2011-02-28,0.013747617322005468
Log Return,2011-03-07,-0.004702223835377772
Log Return,2011-03-14,-0.003947263557342318
Log Return,2011-03-21,0.007178040089548254
Log Return,2011-03-28,0.0014014437401410618
Log Return,2011-04-04,0.031227799455192162
Log Return,2011-04-11,0.00804413309114338
Log Return,2011-04-18,0.011979331706730711
Log Return,2011-04-25,0.03452228912186861
Log Return,2011-05-02,-0.0425372935511934
Log Return,2011-05-09,0.0014742837624304173
Log Return,2011-05-16,0.01025924929184363
Log Return,2011-05-23,0.01806229467813303
Log Return,2011-05-30,0.0035087120751304823
Log Return,2011-06-06,-0.008533404157414992
Log Return,2011-06-13,0.006520628319855781
Log Return,2011-06-20,-0.025074510276700046
Log Return,2011-06-27,-0.012203417419823559
Log Return,2011-07-04,0.03896633360951629
Log Return,2011-07-11,0.031046950782273264
Log Return,2011-07-18,0.007207576968845331
Log Return,2011-07-25,0.016720725936121283
Log Return,2011-08-01,0.01251122443323549
Log Return,2011-08-08,0.05395224088241868
Log Return,2011-08-15,0.06059085976794076
Log Return,2011-08-22,-0.030087391023582377
Log Return,2011-08-29,0.04341156972736471
Log Return,2011-09-05,-0.009275918026416363
Log Return,2011-09-12,-0.024152761273003698
Log Return,2011-09-19,-0.1013156917359046
Log Return,2011-09-26,-0.010497641114183054
Log Return,2011-10-03,0.008663899769041805
Log Return,2011-10-10,0.028527730267784435
Log Return,2011-10-17,-0.028160727822744036
Log Return,2011-10-24,0.06573802080489699
Log Return,2011-10-31,0.0051978398656347125
Log Return,2011-11-07,0.018178185288324933
Log Return,2011-11-14,-0.03576490158189127
Log Return,2011-11-21,-0.02299083831215576
Log Return,2011-11-28,0.0358377754599406
Log Return,2011-12-05,-0.01977054435080383
Log Return,2011-12-12,-0.07087966105286725
Log Return,2011-12-19,0.005686967046733216
Log Return,2011-12-26,-0.024539886119165466
Log Return,2012-01-02,0.03161891758986801
Log Return,2012-01-09,0.008809574194916792
Log Return,2012-01-16,0.02021860987384283
Log Return,2012-01-23,0.04011734989213345
Log Return,2012-01-30,0.0035161436099988563
Log Return,2012-02-06,-0.008436416197098673
Log Return,2012-02-13,0.0006960677552818595
Log Return,2012-02-20,0.028919592220235657
Log Return,2012-02-27,-0.03806534725674471
Log Return,2012-03-05,0.0012281637599347306
Log Return,2012-03-12,-0.03291648411302095
Log Return,2012-03-19,0.004099136927947278
Log Return,2012-03-26,0.0042021911967529135
Log Return,2012-04-02,-0.02474506039571267
Log Return,2012-04-09,0.018615926217776746
Log Return,2012-04-16,-0.01029937630385902
Log Return,2012-04-23,0.013248446750948162
Log Return,2012-04-30,-0.011666375322096023
Log Return,2012-05-07,-0.037857246243894416
Log Return,2012-05-14,0.005039063398289301
Log Return,2012-05-21,-0.014428757206810694
Log Return,2012-05-28,0.032423716574959904
Log Return,2012-06-04,-0.01893785161704198
Log Return,2012-06-11,0.022940936254477684
Log Return,2012-06-18,-0.03821323066828963
Log Return,2012-06-25,0.023664142582461523
Log Return,2012-07-02,-0.015777048957202666
Log Return,2012-07-09,0.00832809303744586
Log Return,2012-07-16,-0.005733909195122067
Log Return,2012-07-23,0.02212315208292992
Log Return,2012-07-30,-0.007382411594553773
Log Return,2012-08-06,0.008494301239243107
Log Return,2012-08-13,-0.0021013001203717963
Log Return,2012-08-20,0.032564271376221754
Log Return,2012-08-27,0.008824244386964608
Log Return,2012-09-03,0.03091916605018241
Log Return,2012-09-10,0.018419274983931366
Log Return,2012-09-17,0.0032154999602642675
Log Return,2012-09-24,-0.00248126470524479
Log Return,2012-10-01,0.004225715561079646
Log Return,2012-10-08,-0.011649724993855415
Log Return,2012-10-15,-0.020225896722861236
Log Return,2012-10-22,-0.006931340421939325
Log Return,2012-10-29,-0.0217438692619778
Log Return,2012-11-05,0.03301913924371469
Log Return,2012-11-12,-0.009289969585788427
Log Return,2012-11-19,0.02135353466342238
Log Return,2012-11-26,-0.023338835059370844
Log Return,2012-12-03,-0.004041133711060851
Log Return,2012-12-10,-0.004823793725795333
Log Return,2012-12-17,-0.021879362729400498
Log Return,2012-12-24,-0.002534673156576517
Log Return,2012-12-31,-0.004117504350813483
Log Return,2013-01-07,0.00719450792391374
Log Return,2013-01-14,0.015897051314639477
Log Return,2013-01-21,-0.018068066254585347
Log Return,2013-01-28,0.007817707630446868
Log Return,2013-02-04,-0.0020387513143020897
Log Return,2013-02-11,-0.03493695391769602
Log Return,2013-02-18,-0.022885459734762748
Log Return,2013-02-25,-0.0003180358085748125
Log Return,2013-03-04,0.002985519874792786
Log Return,2013-03-11,0.010034494305771524
Log Return,2013-03-18,0.008566001908263843
Log Return,2013-03-25,-0.007122743230299378
Log Return,2013-04-01,-0.012239143358002913
Log Return,2013-04-08,-0.0483776711328181
Log Return,2013-04-15,-0.07302207174058672
Log Return,2013-04-22,0.04093374039350106
Log Return,2013-04-29,0.007334124620546056
Log Return,2013-05-06,-0.018958893375047303
Log Return,2013-05-13,-0.05133726878265499
Log Return,2013-05-20,0.01591778627085283
Log Return,2013-05-27,0.004173515957091922
Log Return,2013-06-03,-0.006917433312406018
Log Return,2013-06-10,0.0031043946184352578
Log Return,2013-06-17,-0.07147770630125905
Log Return,2013-06-24,-0.05392092905471735
Log Return,2013-07-01,-0.008946605483713732
Log Return,2013-07-08,0.05212568093738934
Log Return,2013-07-15,0.012057241794982687
Log Return,2013-07-22,0.021721620644459705
Log Return,2013-07-29,-0.00843372084309646
Log Return,2013-08-05,0.0017534205583489282
Log Return,2013-08-12,0.04381236135197675
Log Return,2013-08-19,0.017345235642348023
Log Return,2013-08-26,0.0002865709773587355
Log Return,2013-09-02,-0.006755828959197352
Log Return,2013-09-09,-0.0581217532243663
Log Return,2013-09-16,0.018251841716291572
Log Return,2013-09-23,0.004418011873845273
Log Return,2013-09-30,-0.021676822860404066
Log Return,2013-10-07,-0.03235721005626946
Log Return,2013-10-14,0.03593945030018908
Log Return,2013-10-21,0.02850050358876821
Log Return,2013-10-28,-0.029490074613859996
Log Return,2013-11-04,-0.02202119772232969
Log Return,2013-11-11,0.0021775020462984074
Log Return,2013-11-18,-0.03421504529711239
Log Return,2013-11-25,0.005291422312192928
Log Return,2013-12-02,-0.016365334857212588
Log Return,2013-12-09,0.004379489841492834
Log Return,2013-12-16,-0.025075040821203487
Log Return,2013-12-23,0.009086466136856153
Log Return,2013-12-30,0.018171246638409855
Log Return,2014-01-06,0.006679777635370421
Log Return,2014-01-13,0.004002567139498758
Log Return,2014-01-20,0.010174198785490418
Log Return,2014-01-27,-0.019484785288465645
Log Return,2014-02-03,0.018535381665687467
Log Return,2014-02-10,0.043146490230072665
Log Return,2014-02-17,0.003708070667313379
Log Return,2014-02-24,-0.0018901453129362977
Log Return,2014-03-03,0.012558879993931349
Log Return,2014-03-10,0.03010791972767901
Log Return,2014-03-17,-0.0316785236967112
Log Return,2014-03-24,-0.03209641274661923
Log Return,2014-03-31,0.007239078469995164
Log Return,2014-04-07,0.011823624966215363
Log Return,2014-04-14,-0.01937193689781047
Log Return,2014-04-21,0.005628114641440085
Log Return,2014-04-28,0.0014597048399265233
Log Return,2014-05-05,-0.011815208773501062
Log Return,2014-05-12,0.004650089579638639
Log Return,2014-05-19,-0.0013153881939409473
Log Return,2014-05-26,-0.03626441906238931
Log Return,2014-06-02,0.005204800256863429
Log Return,2014-06-09,0.01710389008364821
Log Return,2014-06-16,0.03282274766416027
Log Return,2014-06-23,0.0021251137930971
Log Return,2014-06-30,0.0010608657516222308
Log Return,2014-07-07,0.012493558633006607
Log Return,2014-07-14,-0.02101207177107245
Log Return,2014-07-21,-0.004670203915382309
Log Return,2014-07-28,-0.007317012025552572
Log Return,2014-08-04,0.011758098060088429
Log Return,2014-08-11,-0.003367282873241173
Log Return,2014-08-18,-0.020054115338528078
Log Return,2014-08-25,0.005615420444229358
Log Return,2014-09-01,-0.015676758766367094
Log Return,2014-09-08,-0.028771486817308123
Log Return,2014-09-15,-0.011941885044218559
Log Return,2014-09-22,-0.000987958613435147
Log Return,2014-09-29,-0.01820274261165089
Log Return,2014-10-06,0.023869896281199843
Log Return,2014-10-13,0.014069315541926919
Log Return,2014-10-20,-0.005750246786933921
Log Return,2014-10-27,-0.05004580666472602
Log Return,2014-11-03,-0.00128166807931418
Log Return,2014-11-10,0.013080985447573745
Log Return,2014-11-17,0.010493275715838912
Log Return,2014-11-24,-0.018797745974182156
Log Return,2014-12-01,0.012599012363210704
Log Return,2014-12-08,0.026451544057442433
Log Return,2014-12-15,-0.021589800341977217
Log Return,2014-12-22,-0.0005018196555290899
Log Return,2014-12-29,-0.007810940176363523
Log Return,2015-01-05,0.024980482968441464
Log Return,2015-01-12,0.04886850102431506
Log Return,2015-01-19,0.012220390390805136
Log Return,2015-01-26,-0.010968159209991946
Log Return,2015-02-02,-0.03550761104065803
Log Return,2015-02-09,-0.006015319992038748
Log Return,2015-02-16,-0.018183046820239746
Log Return,2015-02-23,0.006785256625676972
Log Return,2015-03-02,-0.04081855922226474
Log Return,2015-03-09,-0.009927996460881161
Log Return,2015-03-16,0.027553786344877373
Log Return,2015-03-23,0.012580891750165968
Log Return,2015-03-30,0.000916379080563523
Log Return,2015-04-06,0.0030762453458175187
Log Return,2015-04-13,-0.0014122130462297378
Log Return,2015-04-20,-0.023297023985142218
Log Return,2015-04-27,-0.0005957792119204441
Log Return,2015-05-04,0.012354172813018316
Log Return,2015-05-11,0.030152226056181952
Log Return,2015-05-18,-0.017450398156915625
Log Return,2015-05-25,-0.012449527012390327
Log Return,2015-06-01,-0.018327320137363934
Log Return,2015-06-08,0.009375334623931586
Log Return,2015-06-15,0.01907376289109397
Log Return,2015-06-22,-0.024091440833936772
Log Return,2015-06-29,-0.008476461823922143
Log Return,2015-07-06,-0.004567637483820164
Log Return,2015-07-13,-0.022625907184413485
Log Return,2015-07-20,-0.04167652181877557
Log Return,2015-07-27,0.008530250145707186
Log Return,2015-08-03,-0.00073097200890615
Log Return,2015-08-10,0.01703715774825998
Log Return,2015-08-17,0.04110585407691847
Log Return,2015-08-24,-0.023117879153369714
Log Return,2015-08-31,-0.011092983495680109
Log Return,2015-09-07,-0.015377287647793558
Log Return,2015-09-14,0.030873237139455334
Log Return,2015-09-21,0.006917434438438619
Log Return,2015-09-28,-0.007796478114470595
Log Return,2015-10-05,0.016744154202604555
Log Return,2015-10-12,0.02333532653628101
Log Return,2015-10-19,-0.017299785102577125
Log Return,2015-10-26,-0.01891764882667335
Log Return,2015-11-02,-0.04836977565918321
Log Return,2015-11-09,-0.006271858486917026
Log Return,2015-11-16,-0.00407939028978177
Log Return,2015-11-23,-0.01894464749113478
Log Return,2015-11-30,0.026441536224096396
Log Return,2015-12-07,-0.0070324852614076505
Log Return,2015-12-14,-0.009985686413265249
Log Return,2015-12-21,0.010264157016440123
Log Return,2015-12-28,-0.015813103625709424
Log Return,2016-01-04,0.03475628861096158
Log Return,2016-01-11,-0.005755324603950562
Log Return,2016-01-18,0.00520853857096526
Log Return,2016-01-25,0.017347808969764955
Log Return,2016-02-01,0.0364124502873695
Log Return,2016-02-08,0.06786359510128825
Log Return,2016-02-15,-0.007045950325628603
Log Return,2016-02-22,-0.008652388701786862
Log Return,2016-02-29,0.04025122552820193
Log Return,2016-03-07,-0.008858772915218083
Log Return,2016-03-14,-0.0039004247209772913
Log Return,2016-03-21,-0.02618121700635445
Log Return,2016-03-28,0.0006547117321806795
Log Return,2016-04-04,0.016473005460980517
Log Return,2016-04-11,-0.007594174893230665
Log Return,2016-04-18,-0.003574643943692557
Log Return,2016-04-25,0.04806517293267376
Log Return,2016-05-02,0.0028659430771522665
Log Return,2016-05-09,-0.016375911491294026
Log Return,2016-05-16,-0.015450134706320284
Log Return,2016-05-23,-0.03130575531683011
Log Return,2016-05-30,0.02143602719231197
Log Return,2016-06-06,0.026498505933713723
Log Return,2016-06-13,0.014887819627316112
Log Return,2016-06-20,0.021053409197832273
Log Return,2016-06-27,0.012572116868152072
Log Return,2016-07-04,0.014777698066902545
Log Return,2016-07-11,-0.022437656937676742
Log Return,2016-07-18,-0.0025664449815963053
Log Return,2016-07-25,0.01938612761155767
Log Return,2016-08-01,-0.009384127456625535
Log Return,2016-08-08,-0.00044904990612515405
Log Return,2016-08-15,0.003437695232162419
Log Return,2016-08-22,-0.014200640032823841
Log Return,2016-08-29,0.0004539080055829814
Log Return,2016-09-05,0.006032745954265728
Log Return,2016-09-12,-0.01843819185839557
Log Return,2016-09-19,0.023761921884946524
Log Return,2016-09-26,-0.018034748259911026
Log Return,2016-10-03,-0.05027990735334065
Log Return,2016-10-10,0.0033572782708155557
Log Return,2016-10-17,0.010162889240407758
Log Return,2016-10-24,0.007554907653151588
Log Return,2016-10-31,0.021561288419799318
Log Return,2016-11-07,-0.06318394311893982
Log Return,2016-11-14,-0.012335682739188059
Log Return,2016-11-21,-0.02539211249893647
Log Return,2016-11-28,-0.0026345790808637304
Log Return,2016-12-05,-0.013450578600608054
Log Return,2016-12-12,-0.021005674783635797
Log Return,2016-12-19,-0.0029993179720211316
Log Return,2016-12-26,0.015864284149823327
Log Return,2017-01-02,0.018864441740149118
Log Return,2017-01-09,0.019770856636589507
Log Return,2017-01-16,0.007501285077217368
Log Return,2017-01-23,-0.0135431538958386
Log Return,2017-01-30,0.025265222149847055
Log Return,2017-02-06,0.01296444776177097
Log Return,2017-02-13,0.002588958704883737
Log Return,2017-02-20,0.015474390822905804
Log Return,2017-02-27,-0.02529946738665334
Log Return,2017-03-06,-0.020444244597878303
Log Return,2017-03-13,0.02394691485319811
Log Return,2017-03-20,0.014850880157623259
Log Return,2017-03-27,-0.0007212201023900633
Log Return,2017-04-03,0.005596432680492924
Log Return,2017-04-10,0.024881194303151943
Log Return,2017-04-17,0.0011658183200013994
Log Return,2017-04-24,-0.016683409339045774
Log Return,2017-05-01,-0.033163685033644974
Log Return,2017-05-08,0.0011423112982242856
Log Return,2017-05-15,0.02138126636393789
Log Return,2017-05-22,0.01182414668485876
Log Return,2017-05-29,0.007231656381425644
Log Return,2017-06-05,-0.00652188589878655
Log Return,2017-06-12,-0.011496657846469915
Log Return,2017-06-19,0.00175280995770688
Log Return,2017-06-26,-0.01241555505705172
Log Return,2017-07-03,-0.026213052366347078
Log Return,2017-07-10,0.014783449560858308
Log Return,2017-07-17,0.0223315926711809
Log Return,2017-07-24,0.011178595952898718
Log Return,2017-07-31,-0.007994640509354944
Log Return,2017-08-07,0.023096000958113372
Log Return,2017-08-14,-0.0015543642485207343
Log Return,2017-08-21,0.005275048270234173
Log Return,2017-08-28,0.024456702329540114
Log Return,2017-09-04,0.01610220149254893
Log Return,2017-09-11,-0.019202491735736515
Log Return,2017-09-18,-0.020737610293060982
Log Return,2017-09-25,-0.009165862371750322
Log Return,2017-10-02,-0.007755335966961319
Log Return,2017-10-09,0.023241514597455826
Log Return,2017-10-16,-0.018690664194823015
Log Return,2017-10-23,-0.006991681200460675
Log Return,2017-10-30,-0.0015779095976062862
Log Return,2017-11-06,0.004647709620670071
Log Return,2017-11-13,0.018223402635293873
Log Return,2017-11-20,-0.007047539455086849
Log Return,2017-11-27,-0.00615858687415205
Log Return,2017-12-04,-0.026626056014080746
Log Return,2017-12-11,0.007281566604839362
Log Return,2017-12-18,0.01668218706423641
Log Return,2017-12-25,0.02393887684801843
Log Return,2018-01-01,0.010660269596284522
Log Return,2018-01-08,0.009873069025838177
Log Return,2018-01-15,-0.0011255769563547346
Log Return,2018-01-22,0.014682545239815603
Log Return,2018-01-29,-0.01333205975972973
Log Return,2018-02-05,-0.015566262745053905
Log Return,2018-02-12,0.030081386550834033
Log Return,2018-02-19,-0.018647516479119552
Log Return,2018-02-26,-0.005359900939776452
Log Return,2018-03-05,0.0009835815645429236
Log Return,2018-03-12,-0.008429237194945927
Log Return,2018-03-19,0.02856692685068296
Log Return,2018-03-26,-0.019835236604145656
Log Return,2018-04-02,0.006855773516895702
Log Return,2018-04-09,0.009638826866006589
Log Return,2018-04-16,-0.006041485954674464
Log Return,2018-04-23,-0.012344832980815568
Log Return,2018-04-30,-0.005772972855105252
Log Return,2018-05-07,0.00478782610466677
Log Return,2018-05-14,-0.022076666464566408
Log Return,2018-05-21,0.010102339748917721
Log Return,2018-05-28,-0.006543266238637102
Log Return,2018-06-04,0.0025453573283842346
Log Return,2018-06-11,-0.01826925336551266
Log Return,2018-06-18,-0.005664807573376507
Log Return,2018-06-25,-0.012784527259597667
Log Return,2018-07-02,0.0023946370662875083
Log Return,2018-07-09,-0.011788959740734128
Log Return,2018-07-16,-0.008181144562231957
Log Return,2018-07-23,-0.0056278640305924554
Log Return,2018-07-30,-0.0068943351435581945
Log Return,2018-08-06,-0.0025563661136773774
Log Return,2018-08-13,-0.02898508820100254
Log Return,2018-08-20,0.025013934881516597
Log Return,2018-08-27,-0.0049862978377008815
Log Return,2018-09-03,-0.005597636215877166
Log Return,2018-09-10,0.0011722553702551153
Log Return,2018-09-17,0.001003639425479541
Log Return,2018-09-24,-0.003936807252292951
Log Return,2018-10-01,0.008107998920922732
Log Return,2018-10-08,0.013971231203452561
Log Return,2018-10-15,0.005893504142162165
Log Return,2018-10-22,0.005858875111510287
Log Return,2018-10-29,-0.0012989979662769713
Log Return,2018-11-05,-0.02010489045975561
Log Return,2018-11-12,0.01186568303620561
Log Return,2018-11-19,0.00016377358368657724
Log Return,2018-11-26,-0.0006554554094462262
Log Return,2018-12-03,0.0215655683546796
Log Return,2018-12-10,-0.007891214663450441
Log Return,2018-12-17,0.013489885391489764
Log Return,2018-12-24,0.020602990152744916
Log Return,2018-12-31,0.002185224302406752
Log Return,2019-01-07,0.003424413447930874
Log Return,2019-01-14,-0.004516381063260688
Log Return,2019-01-21,0.012487054972838862
Log Return,2019-01-28,0.014918227658577088
Log Return,2019-02-04,-0.0024329619481520126
Log Return,2019-02-11,0.0033437408891945353
Log Return,2019-02-18,0.008385933549209135
Log Return,2019-02-25,-0.024986009645875384
Log Return,2019-03-04,0.0004626942168526327
Log Return,2019-03-11,0.0036940543300039153
Log Return,2019-03-18,0.007499787710091077
Log Return,2019-03-25,-0.014282647584681563
Log Return,2019-04-01,-0.002012833041095341
Log Return,2019-04-08,0.00015494085414591297
Log Return,2019-04-15,-0.014595342932515187
Log Return,2019-04-22,0.010169048637791
Log Return,2019-04-29,-0.00444606894126931
Log Return,2019-05-06,0.0050684347634355476
Log Return,2019-05-13,-0.008749334296179967
Log Return,2019-05-20,0.006647140799466378
Log Return,2019-05-27,0.017614831530160302
Log Return,2019-06-03,0.02674878203997988
Log Return,2019-06-10,-0.0008204793776842578
Log Return,2019-06-17,0.041010005756051626
Log Return,2019-06-24,0.009622655575489247
Log Return,2019-07-01,-0.009264604787545316
Log Return,2019-07-08,0.009406520835393728
Log Return,2019-07-15,0.01072317236021103
Log Return,2019-07-22,-0.004641994298786756
Log Return,2019-07-29,0.018924468140579798
Log Return,2019-08-05,0.034671408943754756
Log Return,2019-08-12,0.010568058571756467
Log Return,2019-08-19,0.009279113466930333
Log Return,2019-08-26,-0.004924986229709383
Log Return,2019-09-02,-0.008528147893055227
Log Return,2019-09-09,-0.010209909439423903
Log Return,2019-09-16,0.010940022401174865
Log Return,2019-09-23,-0.0054550914784581295
Log Return,2019-09-30,0.004724978516707168
Log Return,2019-10-07,-0.01572517315708044
Log Return,2019-10-14,0.0037025860608883576
Log Return,2019-10-21,0.007564416036093036
Log Return,2019-10-28,0.0056525503788380504
Log Return,2019-11-04,-0.03145778567312707
Log Return,2019-11-11,0.00409752659617979
Log Return,2019-11-18,-0.002866554793368614
Log Return,2019-11-25,0.0017072425642128408
Log Return,2019-12-02,-0.0044449077240971135
Log Return,2019-12-09,0.011244879639642491
Log Return,2019-12-16,-0.0006101240309970279
Log Return,2019-12-23,0.026168531984053445
Log Return,2019-12-30,0.023115558991912977
Log Return,2020-01-06,0.005343334539294808
Log Return,2020-01-13,0.00083435412712074
Log Return,2020-01-20,0.00785966962535145
Log Return,2020-01-27,0.00748262770124164
Log Return,2020-02-03,-0.00907513690099293
Log Return,2020-02-10,0.008948732273752036
Log Return,2020-02-17,0.03836496020372859
Log Return,2020-02-24,-0.05018661562063009
Log Return,2020-03-02,0.06599201977623892
Log Return,2020-03-09,-0.09742523662470859
Log Return,2020-03-16,-0.0211362014953842
Log Return,2020-03-23,0.09008953377793105
Log Return,2020-03-30,0.006016672639145071
Log Return,2020-04-06,0.060851437689745325
Log Return,2020-04-13,-0.0274437736804245
Log Return,2020-04-20,0.020102091803197553
Log Return,2020-04-27,-0.01696939490981464
Log Return,2020-05-04,0.009047191485506367
Log Return,2020-05-11,0.02512187054571413
Log Return,2020-05-18,-0.01077994890272116
Log Return,2020-05-25,0.0013251039404744702
Log Return,2020-06-01,-0.03557263158152413
Log Return,2020-06-08,0.03118743303309568
Log Return,2020-06-15,0.009553465406732187
Log Return,2020-06-22,0.015120783431899376
Log Return,2020-06-29,0.006467054733672484
Log Return,2020-07-06,0.007928103256826802
Log Return,2020-07-13,0.005601066996377746
Log Return,2020-07-20,0.048044644212512644
Log Return,2020-07-27,0.03394020148684618
Log Return,2020-08-03,0.023812409821136526
Log Return,2020-08-10,-0.037044075506659446
Log Return,2020-08-17,-0.0012398102782444909
Log Return,2020-08-24,0.015388075685029534
Log Return,2020-08-31,-0.020934261300972423
Log Return,2020-09-07,0.007198945635806808
Log Return,2020-09-14,0.007352369513869306
Log Return,2020-09-21,-0.049566566549308355
Log Return,2020-09-28,0.022619980963164643
Log Return,2020-10-05,0.010105617364511765
Log Return,2020-10-12,-0.009789859584329541
Log Return,2020-10-19,0.0006310882488129721
Log Return,2020-10-26,-0.013018110198256494
Log Return,2020-11-02,0.03809537800766538
Log Return,2020-11-09,-0.03368415307576722
Log Return,2020-11-16,-0.006971252371710257
Log Return,2020-11-23,-0.0496476020327572
Log Return,2020-11-30,0.029854613329794333
Log Return,2020-12-07,0.0021220588186618983
Log Return,2020-12-14,0.024642182256011225
Log Return,2020-12-21,-0.0030804819321677
Log Return,2020-12-28,0.006997087212713637
Log Return,2021-01-04,-0.03166179947373138
Log Return,2021-01-11,-0.002620477956294387
Log Return,2021-01-18,0.014328550348285063
Log Return,2021-01-25,-0.004536817041033814
Log Return,2021-02-01,-0.019901167267723174
Log Return,2021-02-08,0.005891249617966388
Log Return,2021-02-15,-0.025464169252355617
Log Return,2021-02-22,-0.027228528162381416
Log Return,2021-03-01,-0.017571437060962758
Log Return,2021-03-08,0.01258246300102872
Log Return,2021-03-15,0.012655850541984037
Log Return,2021-03-22,-0.005297152705863617
Log Return,2021-03-29,-0.003296010878393929
Log Return,2021-04-05,0.009683658928142158
Log Return,2021-04-12,0.020271511907645312
Log Return,2021-04-19,-0.0011248595111839066
Log Return,2021-04-26,-0.005473563330243181
Log Return,2021-05-03,0.035463879990256686
Log Return,2021-05-10,0.00370676294043637
Log Return,2021-05-17,0.020891260524048327
Log Return,2021-05-24,0.013653921456691975
Log Return,2021-05-31,-0.006697781549594772
Log Return,2021-06-07,-0.006583175279167186
Log Return,2021-06-14,-0.060095438585461736
Log Return,2021-06-21,0.004908996271968391
Log Return,2021-06-28,0.0033715474072701923
Log Return,2021-07-05,0.015253886259015026
Log Return,2021-07-12,0.0024831023932536667
Log Return,2021-07-19,-0.007245793750655594
Log Return,2021-07-26,0.006198111249127614
Log Return,2021-08-02,-0.029448456119399502
Log Return,2021-08-09,0.008599256080483286
Log Return,2021-08-16,0.0032619391769808104
Log Return,2021-08-23,0.019791604339024715
Log Return,2021-08-30,0.007841053924332542
Log Return,2021-09-06,-0.02281554501928884
Log Return,2021-09-13,-0.022719231592297717
Log Return,2021-09-20,0.00017143080257220333
Log Return,2021-09-27,0.0041634924430926645
Log Return,2021-10-04,-0.0003984579577078762
Log Return,2021-10-11,0.006186994246298205
Log Return,2021-10-18,0.01588718919045018
Log Return,2021-10-25,-0.006986195802997308
Log Return,2021-11-01,0.018559194801562207
Log Return,2021-11-08,0.027958284570881453
Log Return,2021-11-15,-0.008980767172643844
Log Return,2021-11-22,-0.03624755539392943
Log Return,2021-11-29,-0.001850166638256212
Log Return,2021-12-06,0.0005049367034262175
Log Return,2021-12-13,0.011654312067015837
Log Return,2021-12-20,0.0040940042486754535
Log Return,2021-12-27,0.008959330574061397
Log Return,2022-01-03,-0.016830304840373955
Log Return,2022-01-10,0.010792964877697209
Log Return,2022-01-17,0.008387543963446653
Log Return,2022-01-24,-0.02593671171112888
Log Return,2022-01-31,0.012084207288351578
Log Return,2022-02-07,0.018753674044721613
Log Return,2022-02-14,0.03091647334206904
Log Return,2022-02-21,-0.006393499184351725
Log Return,2022-02-28,0.040819861765529986
Log Return,2022-03-07,0.008916405347535239
Log Return,2022-03-14,-0.027872627610314282
Log Return,2022-03-21,0.01318931930308942
Log Return,2022-03-28,-0.01791990580762448
Log Return,2022-04-04,0.01165604943561327
Log Return,2022-04-11,0.01497794074752079
Log Return,2022-04-18,-0.02045230015720012
Log Return,2022-04-25,-0.011301295135259792
Log Return,2022-05-02,-0.014826863178201144
Log Return,2022-05-09,-0.04002048313936246
Log Return,2022-05-16,0.018854018822664464
Log Return,2022-05-23,0.005144740571822126
Log Return,2022-05-30,-0.003192051996036227
Log Return,2022-06-06,0.014044178970341825
Log Return,2022-06-13,-0.019368858124122035
Log Return,2022-06-20,-0.0049698229850241304
Log Return,2022-06-27,-0.015226186695034727
Log Return,2022-07-04,-0.032945513211123156
Log Return,2022-07-11,-0.022190832840887076
Log Return,2022-07-18,0.014404652725710676
Log Return,2022-07-25,0.02051650692650231
Log Return,2022-08-01,0.005656443534522992
Log Return,2022-08-08,0.014391933231460818
Log Return,2022-08-15,-0.028765166799259667
Log Return,2022-08-22,-0.006602199921916352
Log Return,2022-08-29,-0.015264771035380598
Log Return,2022-09-05,0.0037360827717858314
Log Return,2022-09-12,-0.02627147242179806
Log Return,2022-09-19,-0.01591827542997759
Log Return,2022-09-26,0.010339587961054164
Log Return,2022-10-03,0.022659969416253034
Log Return,2022-10-10,-0.03519006488919452
Log Return,2022-10-17,0.005648904362073104
Log Return,2022-10-24,-0.006928870180201052
Log Return,2022-10-31,0.019867218262456632
Log Return,2022-11-07,0.054397589161521154
Log Return,2022-11-14,-0.008016174986366309
Log Return,2022-11-21,0.000798827147812986
Log Return,2022-11-28,0.02400654829367177
Log Return,2022-12-05,0.0012242356408682653
Log Return,2022-12-12,-0.004514918425090997
Log Return,2022-12-19,0.0032906827842227315
Log Return,2022-12-26,0.013165322867109808
Log Return,2023-01-02,0.024160354948387308
Log Return,2023-01-09,0.028659537564991844
Log Return,2023-01-16,0.0041614707884019
Log Return,2023-01-23,0.0011413496294139236
Log Return,2023-01-30,-0.03465991201625851
Log Return,2023-02-06,-5.3668080627566894e-05
Log Return,2023-02-13,-0.01209780577350017
Log Return,2023-02-20,-0.01731928358842083
Log Return,2023-02-27,0.021277926976150496
Log Return,2023-03-06,0.007709582902340806
Log Return,2023-03-13,0.05628086068695559
Log Return,2023-03-20,0.006224836862710248
Log Return,2023-03-27,-0.006631076747552811
Log Return,2023-04-03,0.02155376169089429
Log Return,2023-04-10,-0.0048330097318736165
Log Return,2023-04-17,-0.011402264051961097
Log Return,2023-04-24,0.005340588898325116
Log Return,2023-05-01,0.01362468927797078
Log Return,2023-05-08,-0.0014385400910787993
Log Return,2023-05-15,-0.01793098690987982
Log Return,2023-05-22,-0.017640906252956334
Log Return,2023-05-29,0.004260265049067513
Log Return,2023-06-05,0.005006870327279422
Log Return,2023-06-12,-0.0019384420605748076
Log Return,2023-06-19,-0.020271512381757617
Log Return,2023-06-26,0.0010416125234398166
Log Return,2023-07-03,0.002651198851285841
Log Return,2023-07-10,0.01744635509840453
Log Return,2023-07-17,0.002140492722292997
Log Return,2023-07-24,-0.0019874261089984913
Log Return,2023-07-31,-0.010666792844971518
Log Return,2023-08-07,-0.013861325722572815
Log Return,2023-08-14,-0.014109235808539289
Log Return,2023-08-21,0.013167787607139658
Log Return,2023-08-28,0.014905920411112383
Log Return,2023-09-04,-0.011093382131661222
Log Return,2023-09-11,0.002758871530221363
Log Return,2023-09-18,0.000883361494127044
Log Return,2023-09-25,-0.04097567994250806
Log Return,2023-10-02,-0.009732847279194878
Log Return,2023-10-09,0.05174673328186685
Log Return,2023-10-16,0.028186717424977914
Log Return,2023-10-23,0.003072186759959905
Log Return,2023-10-30,0.0014572623527362438
Log Return,2023-11-06,-0.03002188968924635
Log Return,2023-11-13,0.025038352922318374
Log Return,2023-11-20,0.010341964743375343
Log Return,2023-11-27,0.03378503079743833
Log Return,2023-12-04,-0.03573473887350964
Log Return,2023-12-11,0.011345062033057296
Log Return,2023-12-18,0.017655365876072082
Log Return,2023-12-25,0.002573034402936436
Log Return,2024-01-01,-0.009744706953251914
Log Return,2024-01-08,0.0021031172475129978
Log Return,2024-01-15,-0.009918549060038195
Log Return,2024-01-22,-0.004798045983961607
Log Return,2024-01-29,0.009524080302819371
Log Return,2024-02-05,-0.006306335469158597
Log Return,2024-02-12,-0.005849153528219908
Log Return,2024-02-19,0.01338257336857307
Log Return,2024-02-26,0.02341637870748059
Log Return,2024-03-04,0.0430028490076797
Log Return,2024-03-11,-0.009825051063113044
Log Return,2024-03-18,0.0003707877879843835
Log Return,2024-03-25,0.02710704409892184
Log Return,2024-04-01,0.04768575368381711
Log Return,2024-04-08,0.013029083107580774
Log Return,2024-04-15,0.01775167654231602
Log Return,2024-04-22,-0.026875552388253787
Log Return,2024-04-29,-0.015452009479647977
Log Return,2024-05-06,0.029275840057999325
Log Return,2024-05-13,0.018789088085807037
Log Return,2024-05-20,-0.03359852018548892
Log Return,2024-05-27,-0.004124290701372324
Log Return,2024-06-03,-0.007648943639345873
Log Return,2024-06-10,0.01130148421756516
Log Return,2024-06-17,-0.006454689405342329
Log Return,2024-06-24,0.004866420398025539
Log Return,2024-07-01,0.02578491923898696
Log Return,2024-07-08,0.010619568827460846
Log Return,2024-07-15,-0.007693145334299878
Log Return,2024-07-22,-0.006491489657657112
Log Return,2024-07-29,0.019019634716156197
Log Return,2024-08-05,0.0026349994331509308
Log Return,2024-08-12,0.02697549226728846
Log Return,2024-08-19,0.003914446655059578
Log Return,2024-08-26,-0.005837389594881337
Log Return,2024-09-02,-0.00012032515611704042
Log Return,2024-09-09,0.0346058209117075
Log Return,2024-09-16,0.014842944915111289
Log Return,2024-09-23,0.009270286635209679
Log Return,2024-09-30,0.0005670970350308835
Log Return,2024-10-07,0.00445000112182381
Log Return,2024-10-14,0.020889502735429666
Log Return,2024-10-21,0.009973298632120375
Log Return,2024-10-28,-0.0009489902664290284
